{"great": [0.5682557965917351, 0.17693766992299964, 0.18993643512543745, -0.27809140820479783, -0.8753156815199823, -0.14616440151329269, 0.23939092249734442, -0.3107029172057922, 0.6199832095634381, 0.16617984462002236], "cool": [0.5641256072125872, 0.13722982658305438, 0.20823648035171757, -0.2929695723456364, -0.8704480862547578, -0.1882296279977102, 0.2423961604715867, -0.2941009195992254, 0.6979644655991715, 0.21475297647656122], "brilliant": [0.5918855018013452, 0.1039778692777016, 0.18125409832798148, -0.32494178069140384, -0.8565376508947542, -0.1796672139151317, 0.26035098164719017, -0.32893244657244936, 0.6604228461904654, 0.24158225625024787], "wonderful": [0.5336813277875315, 0.15884523607312173, 0.26518438053682525, -0.34389277627100584, -0.8491692008120084, -0.18613217422541942, 0.26724085300405015, -0.31809103059724775, 0.658104175743785, 0.20044434983351095], "well": [0.5893339401809653, 0.17311813201184964, 0.26909656417479744, -0.30740190098292813, -0.8500390052604692, -0.18871896996247906, 0.2710112190336241, -0.300242150264492, 0.5689872204434444, 0.15369399612858065], "amazing": [0.5902038867844642, 0.1490229197596597, 0.21315969705653706, -0.31422646036679047, -0.9096476218964348, -0.17471907820831542, 0.27440977619393614, -0.2878009614247629, 0.6262885326051715, 0.214741729727147], "worth": [0.5130535106477785, 0.1203417305470431, 0.19587383631804162, -0.31643691396240403, -0.8606295772705053, -0.15101162886733976, 0.22113241716100854, -0.2697235895062947, 0.6690196658223424, 0.16036078186161523], "sweet": [0.5503643010832924, 0.17143189756236132, 0.1903936253011809, -0.32242095517316005, -0.8138360944646922, -0.18346270853248323, 0.2327193885980578, -0.2626053000415243, 0.6257203568118472, 0.24871943007675443], "enjoyable": [0.5738392051934845, 0.12461914284456152, 0.17510717277873977, -0.33024605280163594, -0.7874929465033423, -0.1706734911250474, 0.24587717337924975, -0.28375949976958215, 0.6546620471931933, 0.23489164232336923], "boring": [0.5240450095785574, 0.15703282247734576, 0.18486578812352433, -0.2990130048224247, -0.8831747584261087, -0.18115865274114742, 0.22235910278043794, -0.317568822680314, 0.5988034434028019, 0.17092555144264823], "bad": [0.5360316771649707, 0.08934057914047364, 0.22010265910609383, -0.3095846861526973, -0.8809548868530362, -0.14538972298246003, 0.21710437130796909, -0.23807251098545698, 0.633070399803598, 0.24369857228293249], "dumb": [0.5707119169157072, 0.13801450767761766, 0.2641854971871883, -0.2713492816853865, -0.8090819545573589, -0.11288020342381061, 0.28726901979309, -0.32041956749087286, 0.6057968690648793, 0.17957977344555884], "annoying": [0.5804388073936805, 0.10213080454123977, 0.17510467165233634, -0.330174200637894, -0.8168968873432684, -0.20307898062832583, 0.21580541902126027, -0.2610116632102946, 0.6339996308459201, 0.20636140785935564], "female": [0.6029723815239836, 0.16789318536724743, 0.22520087305967557, -0.2887330648792562, -0.914615719505456, -0.22069970363834449, 0.22384549781071944, -0.2716921472488912, 0.6634932978039563, 0.23203231101065183], "male": [0.6188443180311552, 0.17591224836567174, 0.22018040161594699, -0.36456330080079474, -0.9461854369906789, -0.1332260465791465, 0.2991505531133827, -0.3486196050483816, 0.7441098161765463, 0.19775997097206297], "queen": [0.576589464715478, 0.13192743667861653, 0.25802327045267465, -0.3298032082698651, -0.8289942700272945, -0.19274329913687596, 0.23709843256162166, -0.24203150503481508, 0.5713084097409642, 0.1429892253760584], "king": [0.5560732564209726, 0.17646154128213576, 0.28312342344954794, -0.3367128855390603, -0.946101468834269, -0.1264839506585948, 0.30612181315592174, -0.3318819712244177, 0.6792991341085511, 0.19131773485838044], "man": [0.6051631423709493, 0.17830144563644135, 0.22784621923285917, -0.2961178922019526, -0.9034636471542417, -0.14556650433904572, 0.20202598684749792, -0.2637285354241913, 0.6768741056545703, 0.2142922591761178], "woman": [0.5439297636260637, 0.10716810158149409, 0.19338139148668104, -0.3063888846272401, -0.9005115497465599, -0.19854245727352382, 0.2888241976482535, -0.3169369428802769, 0.6655769452543198, 0.2486405293598408], "rain": [0.6298504912050584, 0.1230163538085278, 0.2205274318821631, -0.30417388056281774, -0.8506257387146208, -0.17339694916358048, 0.2241052592074406, -0.3446052500693223, 0.7252580609208236, 0.24246844659325673], "snow": [0.571658674146897, 0.1671575262055328, 0.2811586315804148, -0.2976175714836575, -0.9075508328669518, -0.1816726267719763, 0.23397083517042513, -0.2998148033711087, 0.759247651921254, 0.2640055409419275], "hail": [0.42533821691139195, 0.1380455378374832, 0.21177430565076086, -0.195198078379709, -0.6816567081869009, -0.10307706377540067, 0.150719901731784, -0.2165401966104437, 0.5309049787787798, 0.11659360626879128], "coffee": [0.5362156564666706, 0.18498536534428103, 0.24044513781837565, -0.2515479584853182, -0.758515627560334, -0.14980862202505732, 0.25257229022500965, -0.24267753083317822, 0.6620631212565935, 0.22504608361898631], "tea": [0.5401340524210243, 0.17011330010004375, 0.16738954188749106, -0.3114928291060685, -0.7716667733777048, -0.1754473340699853, 0.26496092587065895, -0.25197352059897304, 0.6384983316665089, 0.20143552944512605]}